Item Group,Item Name,Size,Selling Price,Barcode
School Uniforms,White Mafatlal Half Shirt,28,Rs. 250,SHIRT-WHT-28
School Uniforms,White Mafatlal Half Shirt,30,Rs. 260,SHIRT-WHT-30
School Uniforms,White Mafatlal Half Shirt,32,Rs. 270,SHIRT-WHT-32
School Uniforms,Navy Blue Drill Half Pant,26,Rs. 290,PANT-NVY-26
School Uniforms,Navy Blue Drill Half Pant,28,Rs. 310,PANT-NVY-28
General Apparel,Cotton Lab Coat / Apron,34,Rs. 350,APRON-COT-34
General Apparel,Cotton Lab Coat / Apron,36,Rs. 380,APRON-COT-36
Accessories,Black Genuine Leather Belt,Free,Rs. 150,ACC-BELT-01
Accessories,Navy Blue School Tie,Standard,Rs. 80,ACC-TIE-01
Footwear,Black School Shoes,04,Rs. 450,SHOE-BLK-04
Footwear,Black School Shoes,05,Rs. 480,SHOE-BLK-05
